"SpaceClearanceRate","HandlingTime","QualResult","Eigenvalue1","Eigenvalue2","ComplexPart"
0.01,0.01,"NoPosSolution","NA","NA","NA"
0.01,0.03,"NoPosSolution","NA","NA","NA"
0.01,0.05,"NoPosSolution","NA","NA","NA"
0.01,0.06999999999999999,"NoPosSolution","NA","NA","NA"
0.01,0.09,"NoPosSolution","NA","NA","NA"
0.01,0.11,"NoPosSolution","NA","NA","NA"
0.01,0.13,"NoPosSolution","NA","NA","NA"
0.01,0.15000000000000002,"NoPosSolution","NA","NA","NA"
0.01,0.17,"NoPosSolution","NA","NA","NA"
0.01,0.19,"NoPosSolution","NA","NA","NA"
0.01,0.21000000000000002,"NoPosSolution","NA","NA","NA"
0.01,0.23,"NoPosSolution","NA","NA","NA"
0.01,0.25,"NoPosSolution","NA","NA","NA"
0.01,0.27,"NoPosSolution","NA","NA","NA"
0.01,0.29000000000000004,"NoPosSolution","NA","NA","NA"
0.01,0.31,"NoPosSolution","NA","NA","NA"
0.01,0.33,"NoPosSolution","NA","NA","NA"
0.01,0.35000000000000003,"NoPosSolution","NA","NA","NA"
0.01,0.37,"NoPosSolution","NA","NA","NA"
0.01,0.39,"NoPosSolution","NA","NA","NA"
0.01,0.41000000000000003,"NoPosSolution","NA","NA","NA"
0.01,0.43,"NoPosSolution","NA","NA","NA"
0.01,0.45,"NoPosSolution","NA","NA","NA"
0.01,0.47000000000000003,"NoPosSolution","NA","NA","NA"
0.01,0.49,"NoPosSolution","NA","NA","NA"
0.01,0.51,"NoPosSolution","NA","NA","NA"
0.01,0.53,"NoPosSolution","NA","NA","NA"
0.01,0.55,"NoPosSolution","NA","NA","NA"
0.01,0.5700000000000001,"NoPosSolution","NA","NA","NA"
0.01,0.59,"NoPosSolution","NA","NA","NA"
0.01,0.61,"NoPosSolution","NA","NA","NA"
0.01,0.63,"NoPosSolution","NA","NA","NA"
0.01,0.65,"NoPosSolution","NA","NA","NA"
0.02,0.01,"True",-0.8757142857142857,-0.8757142857142857,0.491044284964114
0.02,0.03,"True",-0.8817021276595745,-0.8817021276595745,0.38288556786666617
0.02,0.05,"True",-0.8944444444444447,-0.8944444444444447,0.19992282461607175
0.02,0.06999999999999999,"False",-1.1995101828468062,-0.6302572590136584,0
0.02,0.09,"False",-1.412561023234546,-0.47573165969228276,0
0.02,0.11,"False",-1.5995838861714229,-0.3675956010080649,0
0.02,0.13,"False",-1.7878225585846212,-0.2819071711451079,0
0.02,0.15000000000000002,"False",-1.9888194417315601,-0.21118055826844093,0
0.02,0.17,"False",-2.211067507279475,-0.1519627957508267,0
0.02,0.19,"False",-2.4628404095107967,-0.1023208808117842,0
0.02,0.21000000000000002,"False",-2.7534688116720845,-0.061013946948605215,0
0.02,0.23,"False",-3.0943351003443347,-0.027146381137147086,0
0.02,0.25,"NoPosSolution","NA","NA","NA"
0.02,0.27,"NoPosSolution","NA","NA","NA"
0.02,0.29000000000000004,"NoPosSolution","NA","NA","NA"
0.02,0.31,"NoPosSolution","NA","NA","NA"
0.02,0.33,"NoPosSolution","NA","NA","NA"
0.02,0.35000000000000003,"NoPosSolution","NA","NA","NA"
0.02,0.37,"NoPosSolution","NA","NA","NA"
0.02,0.39,"NoPosSolution","NA","NA","NA"
0.02,0.41000000000000003,"NoPosSolution","NA","NA","NA"
0.02,0.43,"NoPosSolution","NA","NA","NA"
0.02,0.45,"NoPosSolution","NA","NA","NA"
0.02,0.47000000000000003,"NoPosSolution","NA","NA","NA"
0.02,0.49,"NoPosSolution","NA","NA","NA"
0.02,0.51,"NoPosSolution","NA","NA","NA"
0.02,0.53,"NoPosSolution","NA","NA","NA"
0.02,0.55,"NoPosSolution","NA","NA","NA"
0.02,0.5700000000000001,"NoPosSolution","NA","NA","NA"
0.02,0.59,"NoPosSolution","NA","NA","NA"
0.02,0.61,"NoPosSolution","NA","NA","NA"
0.02,0.63,"NoPosSolution","NA","NA","NA"
0.02,0.65,"NoPosSolution","NA","NA","NA"
0.03,0.01,"True",-0.5721428571428573,-0.5721428571428573,1.0152105944189154
0.03,0.03,"True",-0.5528014184397163,-0.5528014184397163,0.9840785495940034
0.03,0.05,"True",-0.5379629629629633,-0.5379629629629633,0.948997286866569
0.03,0.06999999999999999,"True",-0.5282558139534883,-0.5282558139534883,0.9093656003084444
0.03,0.09,"True",-0.5244308943089433,-0.5244308943089433,0.864275556228638
0.03,0.11,"True",-0.5273931623931625,-0.5273931623931625,0.8123154881331139
0.03,0.13,"True",-0.5382432432432431,-0.5382432432432431,0.7511951884184261
0.03,0.15000000000000002,"True",-0.5583333333333333,-0.5583333333333333,0.6769519103222088
0.03,0.17,"True",-0.5893434343434347,-0.5893434343434347,0.581957314926349
0.03,0.19,"True",-0.6333870967741939,-0.6333870967741939,0.4481303221608171
0.03,0.21000000000000002,"True",-0.69316091954023,-0.69316091954023,0.19372129367248894
0.03,0.23,"False",-1.1749406177501334,-0.3693803699041883,0
0.03,0.25,"False",-1.5196898479113825,-0.23031015208861835,0
0.03,0.27,"False",-1.873842826387237,-0.1419542750620378,0
0.03,0.29000000000000004,"False",-2.279030365385081,-0.07985852350380938,0
0.03,0.31,"False",-2.768283208307357,-0.03540100221896038,0
0.03,0.33,"False",-3.381938794066115,-0.004139637306436286,0
0.03,0.35000000000000003,"NoPosSolution","NA","NA","NA"
0.03,0.37,"NoPosSolution","NA","NA","NA"
0.03,0.39,"NoPosSolution","NA","NA","NA"
0.03,0.41000000000000003,"NoPosSolution","NA","NA","NA"
0.03,0.43,"NoPosSolution","NA","NA","NA"
0.03,0.45,"NoPosSolution","NA","NA","NA"
0.03,0.47000000000000003,"NoPosSolution","NA","NA","NA"
0.03,0.49,"NoPosSolution","NA","NA","NA"
0.03,0.51,"NoPosSolution","NA","NA","NA"
0.03,0.53,"NoPosSolution","NA","NA","NA"
0.03,0.55,"NoPosSolution","NA","NA","NA"
0.03,0.5700000000000001,"NoPosSolution","NA","NA","NA"
0.03,0.59,"NoPosSolution","NA","NA","NA"
0.03,0.61,"NoPosSolution","NA","NA","NA"
0.03,0.63,"NoPosSolution","NA","NA","NA"
0.03,0.65,"NoPosSolution","NA","NA","NA"
0.04,0.01,"True",-0.42035714285714304,-0.42035714285714304,1.1646028818653074
0.04,0.03,"True",-0.3883510638297875,-0.3883510638297875,1.1393785372834933
0.04,0.05,"True",-0.35972222222222233,-0.35972222222222233,1.1115754238195024
0.04,0.06999999999999999,"True",-0.3349418604651162,-0.3349418604651162,1.0811169918691346
0.04,0.09,"True",-0.31457317073170726,-0.31457317073170726,1.047875813374753
0.04,0.11,"True",-0.299294871794872,-0.299294871794872,1.0116435042628855
0.04,0.13,"True",-0.2899324324324324,-0.2899324324324324,0.9720798242036572
0.04,0.15000000000000002,"True",-0.28750000000000014,-0.28750000000000014,0.9286246550679126
0.04,0.17,"True",-0.29325757575757583,-0.29325757575757583,0.880340839823298
0.04,0.19,"True",-0.3087903225806454,-0.3087903225806454,0.8256200922219255
0.04,0.21000000000000002,"True",-0.33612068965517244,-0.33612068965517244,0.7615923331978411
0.04,0.23,"True",-0.3778703703703703,-0.3778703703703703,0.6827986403004614
0.04,0.25,"True",-0.43750000000000017,-0.43750000000000017,0.5775757526073959
0.04,0.27,"True",-0.5196739130434784,-0.5196739130434784,0.4134477283793911
0.04,0.29000000000000004,"False",-0.8331961126294416,-0.428470554037226,0
0.04,0.31,"False",-1.3594460708003817,-0.2008170870943556,0
0.04,0.33,"False",-1.860471682040251,-0.10158714148916094,0
0.04,0.35000000000000003,"False",-2.4657499398170444,-0.04258339351629079,0
0.04,0.37,"False",-3.2593261812454273,-0.006443049523805309,0
0.04,0.39,"NoPosSolution","NA","NA","NA"
0.04,0.41000000000000003,"NoPosSolution","NA","NA","NA"
0.04,0.43,"NoPosSolution","NA","NA","NA"
0.04,0.45,"NoPosSolution","NA","NA","NA"
0.04,0.47000000000000003,"NoPosSolution","NA","NA","NA"
0.04,0.49,"NoPosSolution","NA","NA","NA"
0.04,0.51,"NoPosSolution","NA","NA","NA"
0.04,0.53,"NoPosSolution","NA","NA","NA"
0.04,0.55,"NoPosSolution","NA","NA","NA"
0.04,0.5700000000000001,"NoPosSolution","NA","NA","NA"
0.04,0.59,"NoPosSolution","NA","NA","NA"
0.04,0.61,"NoPosSolution","NA","NA","NA"
0.04,0.63,"NoPosSolution","NA","NA","NA"
0.04,0.65,"NoPosSolution","NA","NA","NA"
0.05,0.01,"True",-0.3292857142857143,-0.3292857142857143,1.2367582295531114
0.05,0.03,"True",-0.2896808510638298,-0.2896808510638298,1.2124706200675277
0.05,0.05,"True",-0.2527777777777774,-0.2527777777777774,1.1857923068825027
0.05,0.06999999999999999,"True",-0.21895348837209294,-0.21895348837209294,1.1567451620515607
0.05,0.09,"True",-0.18865853658536574,-0.18865853658536574,1.1253479268979296
0.05,0.11,"True",-0.1624358974358976,-0.1624358974358976,1.091611001787814
0.05,0.13,"True",-0.14094594594594576,-0.14094594594594576,1.0555255753990058
0.05,0.15000000000000002,"True",-0.125,-0.125,1.0170422803403996
0.05,0.17,"True",-0.11560606060606046,-0.11560606060606046,0.976030347249074
0.05,0.19,"True",-0.11403225806451656,-0.11403225806451656,0.9321998949370824
0.05,0.21000000000000002,"True",-0.121896551724138,-0.121896551724138,0.8849526714337692
0.05,0.23,"True",-0.14129629629629634,-0.14129629629629634,0.8330878444995754
0.05,0.25,"True",-0.17500000000000007,-0.17500000000000007,0.7741931283601009
0.05,0.27,"True",-0.22673913043478278,-0.22673913043478278,0.7032704790688136
0.05,0.29000000000000004,"True",-0.3016666666666671,-0.3016666666666671,0.6090954130694316
0.05,0.31,"True",-0.4071052631578951,-0.4071052631578951,0.46072258975346614
0.05,0.33,"False",-0.6666087311454358,-0.4410383276780947,0
0.05,0.35000000000000003,"False",-1.3625431019108083,-0.15412356475585928,0
0.05,0.37,"False",-2.032626626646652,-0.06198875796873229,0
0.05,0.39,"False",-2.919249102210752,-0.014387261425615585,0
0.05,0.41000000000000003,"NoPosSolution","NA","NA","NA"
0.05,0.43,"NoPosSolution","NA","NA","NA"
0.05,0.45,"NoPosSolution","NA","NA","NA"
0.05,0.47000000000000003,"NoPosSolution","NA","NA","NA"
0.05,0.49,"NoPosSolution","NA","NA","NA"
0.05,0.51,"NoPosSolution","NA","NA","NA"
0.05,0.53,"NoPosSolution","NA","NA","NA"
0.05,0.55,"NoPosSolution","NA","NA","NA"
0.05,0.5700000000000001,"NoPosSolution","NA","NA","NA"
0.05,0.59,"NoPosSolution","NA","NA","NA"
0.05,0.61,"NoPosSolution","NA","NA","NA"
0.05,0.63,"NoPosSolution","NA","NA","NA"
0.05,0.65,"NoPosSolution","NA","NA","NA"
0.060000000000000005,0.01,"True",-0.26857142857142824,-0.26857142857142824,1.2790110975887201
0.060000000000000005,0.03,"True",-0.22390070921985838,-0.22390070921985838,1.2545391474206153
0.060000000000000005,0.05,"True",-0.18148148148148205,-0.18148148148148205,1.2276255422071043
0.060000000000000005,0.06999999999999999,"True",-0.14162790697674413,-0.14162790697674413,1.198307780148901
0.060000000000000005,0.09,"True",-0.10471544715447156,-0.10471544715447156,1.1666339079279495
0.060000000000000005,0.11,"True",-0.07119658119658136,-0.07119658119658136,1.1326654611251812
0.060000000000000005,0.13,"True",-0.04162162162162164,-0.04162162162162164,1.0964796580938412
0.060000000000000005,0.15000000000000002,"True",-0.016666666666666607,-0.016666666666666607,1.0581692786233317
0.060000000000000005,0.17,"Unstable",0.002828282828282902,0.002828282828282902,0
0.060000000000000005,0.19,"Unstable",0.015806451612903394,0.015806451612903394,0
0.060000000000000005,0.21000000000000002,"Unstable",0.02091954022988534,0.02091954022988534,0
0.060000000000000005,0.23,"Unstable",0.016419753086419738,0.016419753086419738,0
0.060000000000000005,0.25,"True",-1.1102230246251565e-16,-1.1102230246251565e-16,0.8366600265340756
0.060000000000000005,0.27,"True",-0.03144927536231883,-0.03144927536231883,0.7842263340893272
0.060000000000000005,0.29000000000000004,"True",-0.08222222222222196,-0.08222222222222196,0.7247340934251952
0.060000000000000005,0.31,"True",-0.15842105263157846,-0.15842105263157846,0.6503097493372699
0.060000000000000005,0.33,"True",-0.2690196078431367,-0.2690196078431367,0.5400263425018498
0.060000000000000005,0.35000000000000003,"True",-0.42777777777777815,-0.42777777777777815,0.3114581397868834
0.060000000000000005,0.37,"False",-1.1422558792289603,-0.1715902746171926,0
0.060000000000000005,0.39,"False",-1.931717476653277,-0.05797949304369361,0
0.060000000000000005,0.41000000000000003,"False",-3.018873164246339,-0.009274983901812903,0
0.060000000000000005,0.43,"NoPosSolution","NA","NA","NA"
0.060000000000000005,0.45,"NoPosSolution","NA","NA","NA"
0.060000000000000005,0.47000000000000003,"NoPosSolution","NA","NA","NA"
0.060000000000000005,0.49,"NoPosSolution","NA","NA","NA"
0.060000000000000005,0.51,"NoPosSolution","NA","NA","NA"
0.060000000000000005,0.53,"NoPosSolution","NA","NA","NA"
0.060000000000000005,0.55,"NoPosSolution","NA","NA","NA"
0.060000000000000005,0.5700000000000001,"NoPosSolution","NA","NA","NA"
0.060000000000000005,0.59,"NoPosSolution","NA","NA","NA"
0.060000000000000005,0.61,"NoPosSolution","NA","NA","NA"
0.060000000000000005,0.63,"NoPosSolution","NA","NA","NA"
0.060000000000000005,0.65,"NoPosSolution","NA","NA","NA"
0.06999999999999999,0.01,"True",-0.22520408163265315,-0.22520408163265315,1.306630445694571
0.06999999999999999,0.03,"True",-0.17691489361702153,-0.17691489361702153,1.281679023943389
0.06999999999999999,0.05,"True",-0.13055555555555534,-0.13055555555555534,1.2541751260942708
0.06999999999999999,0.06999999999999999,"True",-0.08639534883720949,-0.08639534883720949,1.2241469861496608
0.06999999999999999,0.09,"True",-0.04475609756097571,-0.04475609756097571,1.1916362245799312
0.06999999999999999,0.11,"True",-0.006025641025641128,-0.006025641025641128,1.156703804632037
0.06999999999999999,0.13,"Unstable",0.029324324324324406,0.029324324324324406,0
0.06999999999999999,0.15000000000000002,"Unstable",0.06071428571428561,0.06071428571428561,0
0.06999999999999999,0.17,"Unstable",0.08742424242424235,0.08742424242424235,0
0.06999999999999999,0.19,"Unstable",0.1085483870967742,0.1085483870967742,0
0.06999999999999999,0.21000000000000002,"Unstable",0.12293103448275855,0.12293103448275855,0
0.06999999999999999,0.23,"Unstable",0.1290740740740742,0.1290740740740742,0
0.06999999999999999,0.25,"Unstable",0.12499999999999968,0.12499999999999968,0
0.06999999999999999,0.27,"Unstable",0.10804347826086935,0.10804347826086935,0
0.06999999999999999,0.29000000000000004,"Unstable",0.07452380952380921,0.07452380952380921,0
0.06999999999999999,0.31,"Unstable",0.019210526315789456,0.019210526315789456,0
0.06999999999999999,0.33,"True",-0.06558823529411775,-0.06558823529411775,0.6400767011780724
0.06999999999999999,0.35000000000000003,"True",-0.1916666666666676,-0.1916666666666676,0.5415384463626646
0.06999999999999999,0.37,"True",-0.3780769230769231,-0.3780769230769231,0.3210262298266087
0.06999999999999999,0.39,"False",-1.177924509637711,-0.1375300358168332,0
0.06999999999999999,0.41000000000000003,"False",-2.1492640633513007,-0.0362914922042554,0
0.06999999999999999,0.43,"NoPosSolution","NA","NA","NA"
0.06999999999999999,0.45,"NoPosSolution","NA","NA","NA"
0.06999999999999999,0.47000000000000003,"NoPosSolution","NA","NA","NA"
0.06999999999999999,0.49,"NoPosSolution","NA","NA","NA"
0.06999999999999999,0.51,"NoPosSolution","NA","NA","NA"
0.06999999999999999,0.53,"NoPosSolution","NA","NA","NA"
0.06999999999999999,0.55,"NoPosSolution","NA","NA","NA"
0.06999999999999999,0.5700000000000001,"NoPosSolution","NA","NA","NA"
0.06999999999999999,0.59,"NoPosSolution","NA","NA","NA"
0.06999999999999999,0.61,"NoPosSolution","NA","NA","NA"
0.06999999999999999,0.63,"NoPosSolution","NA","NA","NA"
0.06999999999999999,0.65,"NoPosSolution","NA","NA","NA"
0.08,0.01,"True",-0.19267857142857142,-0.19267857142857142,1.3260373177675826
0.08,0.03,"True",-0.14167553191489363,-0.14167553191489363,1.3005491315812072
0.08,0.05,"True",-0.09236111111111113,-0.09236111111111113,1.272387293694149
0.08,0.06999999999999999,"True",-0.04497093023255836,-0.04497093023255836,1.2415625700841735
0.08,0.09,"Unstable",0.0002134146341462029,0.0002134146341462029,0
0.08,0.11,"Unstable",0.04285256410256377,0.04285256410256377,0
0.08,0.13,"Unstable",0.08253378378378395,0.08253378378378395,0
0.08,0.15000000000000002,"Unstable",0.11875000000000005,0.11875000000000005,0
0.08,0.17,"Unstable",0.15087121212121202,0.15087121212121202,0
0.08,0.19,"Unstable",0.17810483870967733,0.17810483870967733,0
0.08,0.21000000000000002,"Unstable",0.19943965517241385,0.19943965517241385,0
0.08,0.23,"Unstable",0.21356481481481476,0.21356481481481476,0
0.08,0.25,"Unstable",0.21875,0.21875,0
0.08,0.27,"Unstable",0.21266304347826082,0.21266304347826082,0
0.08,0.29000000000000004,"Unstable",0.1920833333333332,0.1920833333333332,0
0.08,0.31,"Unstable",0.15243421052631573,0.15243421052631573,0
0.08,0.33,"Unstable",0.08698529411764694,0.08698529411764694,0
0.08,0.35000000000000003,"True",-0.014583333333333783,-0.014583333333333783,0.6060423470260876
0.08,0.37,"True",-0.16894230769230814,-0.16894230769230814,0.5049341508272117
0.08,0.39,"True",-0.40488636363636327,-0.40488636363636327,0.18859223881518267
0.08,0.41000000000000003,"False",-1.4753231796295472,-0.07828793148156328,0
0.08,0.43,"False",-2.791214590376315,-0.011285409623684017,0
0.08,0.45,"NoPosSolution","NA","NA","NA"
0.08,0.47000000000000003,"NoPosSolution","NA","NA","NA"
0.08,0.49,"NoPosSolution","NA","NA","NA"
0.08,0.51,"NoPosSolution","NA","NA","NA"
0.08,0.53,"NoPosSolution","NA","NA","NA"
0.08,0.55,"NoPosSolution","NA","NA","NA"
0.08,0.5700000000000001,"NoPosSolution","NA","NA","NA"
0.08,0.59,"NoPosSolution","NA","NA","NA"
0.08,0.61,"NoPosSolution","NA","NA","NA"
0.08,0.63,"NoPosSolution","NA","NA","NA"
0.08,0.65,"NoPosSolution","NA","NA","NA"
0.09,0.01,"True",-0.16738095238095246,-0.16738095238095246,1.3403918395180987
0.09,0.03,"True",-0.11426713947990585,-0.11426713947990585,1.3143856692393396
0.09,0.05,"True",-0.06265432098765432,-0.06265432098765432,1.2855897878904619
0.09,0.06999999999999999,"True",-0.012751937984496026,-0.012751937984496026,1.253995237129833
0.09,0.09,"Unstable",0.03518970189701893,0.03518970189701893,0
0.09,0.11,"Unstable",0.08086894586894586,0.08086894586894586,0
0.09,0.13,"Unstable",0.12391891891891879,0.12391891891891879,0
0.09,0.15000000000000002,"Unstable",0.16388888888888878,0.16388888888888878,0
0.09,0.17,"Unstable",0.20021885521885524,0.20021885521885524,0
0.09,0.19,"Unstable",0.23220430107526868,0.23220430107526868,0
0.09,0.21000000000000002,"Unstable",0.25894636015325684,0.25894636015325684,0
0.09,0.23,"Unstable",0.27927983539094636,0.27927983539094636,0
0.09,0.25,"Unstable",0.2916666666666666,0.2916666666666666,0
0.09,0.27,"Unstable",0.2940338164251207,0.2940338164251207,0
0.09,0.29000000000000004,"Unstable",0.28351851851851806,0.28351851851851806,0
0.09,0.31,"Unstable",0.25605263157894753,0.25605263157894753,0
0.09,0.33,"Unstable",0.20565359477124173,0.20565359477124173,0
0.09,0.35000000000000003,"Unstable",0.12314814814814848,0.12314814814814848,0
0.09,0.37,"True",-0.006282051282050947,-0.006282051282050947,0.5591307561727904
0.09,0.39,"True",-0.20823232323232388,-0.20823232323232388,0.430471794927305
0.09,0.41000000000000003,"False",-0.9016526479693793,-0.1604461174627193,0
0.09,0.43,"False",-2.128160038609546,-0.028506628057119236,0
0.09,0.45,"NoPosSolution","NA","NA","NA"
0.09,0.47000000000000003,"NoPosSolution","NA","NA","NA"
0.09,0.49,"NoPosSolution","NA","NA","NA"
0.09,0.51,"NoPosSolution","NA","NA","NA"
0.09,0.53,"NoPosSolution","NA","NA","NA"
0.09,0.55,"NoPosSolution","NA","NA","NA"
0.09,0.5700000000000001,"NoPosSolution","NA","NA","NA"
0.09,0.59,"NoPosSolution","NA","NA","NA"
0.09,0.61,"NoPosSolution","NA","NA","NA"
0.09,0.63,"NoPosSolution","NA","NA","NA"
0.09,0.65,"NoPosSolution","NA","NA","NA"
0.09999999999999999,0.01,"True",-0.1471428571428572,-0.1471428571428572,1.351424796128825
0.09999999999999999,0.03,"True",-0.09234042553191535,-0.09234042553191535,1.3249427330313508
0.09999999999999999,0.05,"True",-0.0388888888888886,-0.0388888888888886,1.2955646083159986
0.09999999999999999,0.06999999999999999,"Unstable",0.013023255813953694,0.013023255813953694,0
0.09999999999999999,0.09,"Unstable",0.06317073170731713,0.06317073170731713,0
0.09999999999999999,0.11,"Unstable",0.11128205128205129,0.11128205128205129,0
0.09999999999999999,0.13,"Unstable",0.15702702702702723,0.15702702702702723,0
0.09999999999999999,0.15000000000000002,"Unstable",0.19999999999999982,0.19999999999999982,0
0.09999999999999999,0.17,"Unstable",0.23969696969696944,0.23969696969696944,0
0.09999999999999999,0.19,"Unstable",0.275483870967742,0.275483870967742,0
0.09999999999999999,0.21000000000000002,"Unstable",0.3065517241379311,0.3065517241379311,0
0.09999999999999999,0.23,"Unstable",0.33185185185185206,0.33185185185185206,0
0.09999999999999999,0.25,"Unstable",0.3499999999999998,0.3499999999999998,0
0.09999999999999999,0.27,"Unstable",0.3591304347826084,0.3591304347826084,0
0.09999999999999999,0.29000000000000004,"Unstable",0.35666666666666624,0.35666666666666624,0
0.09999999999999999,0.31,"Unstable",0.3389473684210522,0.3389473684210522,0
0.09999999999999999,0.33,"Unstable",0.30058823529411705,0.30058823529411705,0
0.09999999999999999,0.35000000000000003,"Unstable",0.2333333333333325,0.2333333333333325,0
0.09999999999999999,0.37,"Unstable",0.1238461538461535,0.1238461538461535,0
0.09999999999999999,0.39,"True",-0.05090909090909154,-0.05090909090909154,0.4994079138968561
0.09999999999999999,0.41000000000000003,"True",-0.3344444444444461,-0.3344444444444461,0.23695339959630396
0.09999999999999999,0.43,"False",-1.5870723564306082,-0.05292764356939537,0
0.09999999999999999,0.45,"NoPosSolution","NA","NA","NA"
0.09999999999999999,0.47000000000000003,"NoPosSolution","NA","NA","NA"
0.09999999999999999,0.49,"NoPosSolution","NA","NA","NA"
0.09999999999999999,0.51,"NoPosSolution","NA","NA","NA"
0.09999999999999999,0.53,"NoPosSolution","NA","NA","NA"
0.09999999999999999,0.55,"NoPosSolution","NA","NA","NA"
0.09999999999999999,0.5700000000000001,"NoPosSolution","NA","NA","NA"
0.09999999999999999,0.59,"NoPosSolution","NA","NA","NA"
0.09999999999999999,0.61,"NoPosSolution","NA","NA","NA"
0.09999999999999999,0.63,"NoPosSolution","NA","NA","NA"
0.09999999999999999,0.65,"NoPosSolution","NA","NA","NA"
0.11,0.01,"True",-0.1305844155844157,-0.1305844155844157,1.360161247609042
0.11,0.03,"True",-0.07440038684719569,-0.07440038684719569,1.3332499733837975
0.11,0.05,"True",-0.01944444444444437,-0.01944444444444437,1.3033467775964904
0.11,0.06999999999999999,"Unstable",0.03411205073995785,0.03411205073995785,0
0.11,0.09,"Unstable",0.08606430155210643,0.08606430155210643,0
0.11,0.11,"Unstable",0.13616550116550136,0.13616550116550136,0
0.11,0.13,"Unstable",0.18411547911547918,0.18411547911547918,0
0.11,0.15000000000000002,"Unstable",0.22954545454545455,0.22954545454545455,0
0.11,0.17,"Unstable",0.27199724517906343,0.27199724517906343,0
0.11,0.19,"Unstable",0.3108944281524927,0.3108944281524927,0
0.11,0.21000000000000002,"Unstable",0.3455015673981189,0.3455015673981189,0
0.11,0.23,"Unstable",0.37486531986532,0.37486531986532,0
0.11,0.25,"Unstable",0.3977272727272727,0.3977272727272727,0
0.11,0.27,"Unstable",0.41239130434782567,0.41239130434782567,0
0.11,0.29000000000000004,"Unstable",0.4165151515151514,0.4165151515151514,0
0.11,0.31,"Unstable",0.40677033492822956,0.40677033492822956,0
0.11,0.33,"Unstable",0.37826203208556153,0.37826203208556153,0
0.11,0.35000000000000003,"Unstable",0.3234848484848481,0.3234848484848481,0
0.11,0.37,"Unstable",0.23031468531468552,0.23031468531468552,0
0.11,0.39,"Unstable",0.07780991735537235,0.07780991735537235,0
0.11,0.41000000000000003,"True",-0.1735858585858589,-0.1735858585858589,0.39618033619794846
0.11,0.43,"False",-1.125692757127045,-0.09157997014568535,0
0.11,0.45,"False",-2.8888460558632927,-0.00660848959125448,0
0.11,0.47000000000000003,"NoPosSolution","NA","NA","NA"
0.11,0.49,"NoPosSolution","NA","NA","NA"
0.11,0.51,"NoPosSolution","NA","NA","NA"
0.11,0.53,"NoPosSolution","NA","NA","NA"
0.11,0.55,"NoPosSolution","NA","NA","NA"
0.11,0.5700000000000001,"NoPosSolution","NA","NA","NA"
0.11,0.59,"NoPosSolution","NA","NA","NA"
0.11,0.61,"NoPosSolution","NA","NA","NA"
0.11,0.63,"NoPosSolution","NA","NA","NA"
0.11,0.65,"NoPosSolution","NA","NA","NA"
0.12,0.01,"True",-0.11678571428571416,-0.11678571428571416,1.367245807065714
0.12,0.03,"True",-0.05945035460992944,-0.05945035460992944,1.3399498704566357
0.12,0.05,"True",-0.0032407407407408495,-0.0032407407407408495,1.3095760755295778
0.12,0.06999999999999999,"Unstable",0.05168604651162789,0.05168604651162789,0
0.12,0.09,"Unstable",0.1051422764227639,0.1051422764227639,0
0.12,0.11,"Unstable",0.15690170940170933,0.15690170940170933,0
0.12,0.13,"Unstable",0.20668918918918938,0.20668918918918938,0
0.12,0.15000000000000002,"Unstable",0.25416666666666665,0.25416666666666665,0
0.12,0.17,"Unstable",0.29891414141414163,0.29891414141414163,0
0.12,0.19,"Unstable",0.3404032258064515,0.3404032258064515,0
0.12,0.21000000000000002,"Unstable",0.37795977011494236,0.37795977011494236,0
0.12,0.23,"Unstable",0.4107098765432099,0.4107098765432099,0
0.12,0.25,"Unstable",0.4374999999999999,0.4374999999999999,0
0.12,0.27,"Unstable",0.4567753623188403,0.4567753623188403,0
0.12,0.29000000000000004,"Unstable",0.46638888888888874,0.46638888888888874,0
0.12,0.31,"Unstable",0.46328947368421075,0.46328947368421075,0
0.12,0.33,"Unstable",0.4429901960784311,0.4429901960784311,0
0.12,0.35000000000000003,"Unstable",0.398611111111111,0.398611111111111,0
0.12,0.37,"Unstable",0.31903846153846177,0.31903846153846177,0
0.12,0.39,"Unstable",0.18507575757575745,0.18507575757575745,0
0.12,0.41000000000000003,"True",-0.03953703703703782,-0.03953703703703782,0.448817137264534
0.12,0.43,"False",-0.6933759283644296,-0.1716240716355742,0
0.12,0.45,"False",-2.376941863956627,-0.014724802710041625,0
0.12,0.47000000000000003,"NoPosSolution","NA","NA","NA"
0.12,0.49,"NoPosSolution","NA","NA","NA"
0.12,0.51,"NoPosSolution","NA","NA","NA"
0.12,0.53,"NoPosSolution","NA","NA","NA"
0.12,0.55,"NoPosSolution","NA","NA","NA"
0.12,0.5700000000000001,"NoPosSolution","NA","NA","NA"
0.12,0.59,"NoPosSolution","NA","NA","NA"
0.12,0.61,"NoPosSolution","NA","NA","NA"
0.12,0.63,"NoPosSolution","NA","NA","NA"
0.12,0.65,"NoPosSolution","NA","NA","NA"
0.13,0.01,"True",-0.10510989010988991,-0.10510989010988991,1.3731035829327025
0.13,0.03,"True",-0.04680032733224216,-0.04680032733224216,1.3454632168227914
0.13,0.05,"Unstable",0.010470085470085572,0.010470085470085572,0
0.13,0.06999999999999999,"Unstable",0.06655635062611785,0.06655635062611785,0
0.13,0.09,"Unstable",0.1212851782363976,0.1212851782363976,0
0.13,0.11,"Unstable",0.17444773175542438,0.17444773175542438,0
0.13,0.13,"Unstable",0.22579002079002108,0.22579002079002108,0
0.13,0.15000000000000002,"Unstable",0.27500000000000036,0.27500000000000036,0
0.13,0.17,"Unstable",0.3216899766899766,0.3216899766899766,0
0.13,0.19,"Unstable",0.3653722084367246,0.3653722084367246,0
0.13,0.21000000000000002,"Unstable",0.4054244031830239,0.4054244031830239,0
0.13,0.23,"Unstable",0.4410398860398864,0.4410398860398864,0
0.13,0.25,"Unstable",0.4711538461538462,0.4711538461538462,0
0.13,0.27,"Unstable",0.49433110367892974,0.49433110367892974,0
0.13,0.29000000000000004,"Unstable",0.5085897435897435,0.5085897435897435,0
0.13,0.31,"Unstable",0.5111133603238864,0.5111133603238864,0
0.13,0.33,"Unstable",0.49776018099547537,0.49776018099547537,0
0.13,0.35000000000000003,"Unstable",0.4621794871794869,0.4621794871794869,0
0.13,0.37,"Unstable",0.39411242603550245,0.39411242603550245,0
0.13,0.39,"Unstable",0.27583916083916077,0.27583916083916077,0
0.13,0.41000000000000003,"Unstable",0.07388888888888802,0.07388888888888802,0
0.13,0.43,"True",-0.2834615384615377,-0.2834615384615377,0.22827854624242863
0.13,0.45,"False",-1.9404097154573008,-0.024974899927316278,0
0.13,0.47000000000000003,"NoPosSolution","NA","NA","NA"
0.13,0.49,"NoPosSolution","NA","NA","NA"
0.13,0.51,"NoPosSolution","NA","NA","NA"
0.13,0.53,"NoPosSolution","NA","NA","NA"
0.13,0.55,"NoPosSolution","NA","NA","NA"
0.13,0.5700000000000001,"NoPosSolution","NA","NA","NA"
0.13,0.59,"NoPosSolution","NA","NA","NA"
0.13,0.61,"NoPosSolution","NA","NA","NA"
0.13,0.63,"NoPosSolution","NA","NA","NA"
0.13,0.65,"NoPosSolution","NA","NA","NA"
0.14,0.01,"True",-0.09510204081632667,-0.09510204081632667,1.3780259801007273
0.14,0.03,"True",-0.03595744680851093,-0.03595744680851093,1.3500766874585364
0.14,0.05,"Unstable",0.02222222222222256,0.02222222222222256,0
0.14,0.06999999999999999,"Unstable",0.07930232558139517,0.07930232558139517,0
0.14,0.09,"Unstable",0.13512195121951232,0.13512195121951232,0
0.14,0.11,"Unstable",0.1894871794871793,0.1894871794871793,0
0.14,0.13,"Unstable",0.24216216216216205,0.24216216216216205,0
0.14,0.15000000000000002,"Unstable",0.2928571428571428,0.2928571428571428,0
0.14,0.17,"Unstable",0.3412121212121215,0.3412121212121215,0
0.14,0.19,"Unstable",0.38677419354838705,0.38677419354838705,0
0.14,0.21000000000000002,"Unstable",0.42896551724137927,0.42896551724137927,0
0.14,0.23,"Unstable",0.46703703703703725,0.46703703703703725,0
0.14,0.25,"Unstable",0.5000000000000002,0.5000000000000002,0
0.14,0.27,"Unstable",0.5265217391304349,0.5265217391304349,0
0.14,0.29000000000000004,"Unstable",0.5447619047619048,0.5447619047619048,0
0.14,0.31,"Unstable",0.5521052631578945,0.5521052631578945,0
0.14,0.33,"Unstable",0.5447058823529412,0.5447058823529412,0
0.14,0.35000000000000003,"Unstable",0.5166666666666666,0.5166666666666666,0
0.14,0.37,"Unstable",0.4584615384615383,0.4584615384615383,0
0.14,0.39,"Unstable",0.3536363636363628,0.3536363636363628,0
0.14,0.41000000000000003,"Unstable",0.17111111111111046,0.17111111111111046,0
0.14,0.43,"True",-0.15571428571428494,-0.15571428571428494,0.3460535525384621
0.14,0.45,"False",-1.5615773105863922,-0.03842268941360923,0
0.14,0.47000000000000003,"NoPosSolution","NA","NA","NA"
0.14,0.49,"NoPosSolution","NA","NA","NA"
0.14,0.51,"NoPosSolution","NA","NA","NA"
0.14,0.53,"NoPosSolution","NA","NA","NA"
0.14,0.55,"NoPosSolution","NA","NA","NA"
0.14,0.5700000000000001,"NoPosSolution","NA","NA","NA"
0.14,0.59,"NoPosSolution","NA","NA","NA"
0.14,0.61,"NoPosSolution","NA","NA","NA"
0.14,0.63,"NoPosSolution","NA","NA","NA"
0.14,0.65,"NoPosSolution","NA","NA","NA"
0.15000000000000002,0.01,"True",-0.08642857142857158,-0.08642857142857158,1.382219266990884
0.15000000000000002,0.03,"True",-0.026560283687943633,-0.026560283687943633,1.3539920794932356
0.15000000000000002,0.05,"Unstable",0.032407407407407274,0.032407407407407274,0
0.15000000000000002,0.06999999999999999,"Unstable",0.09034883720930208,0.09034883720930208,0
0.15000000000000002,0.09,"Unstable",0.14711382113821098,0.14711382113821098,0
0.15000000000000002,0.11,"Unstable",0.20252136752136737,0.20252136752136737,0
0.15000000000000002,0.13,"Unstable",0.25635135135135156,0.25635135135135156,0
0.15000000000000002,0.15000000000000002,"Unstable",0.3083333333333333,0.3083333333333333,0
0.15000000000000002,0.17,"Unstable",0.3581313131313133,0.3581313131313133,0
0.15000000000000002,0.19,"Unstable",0.40532258064516147,0.40532258064516147,0
0.15000000000000002,0.21000000000000002,"Unstable",0.4493678160919543,0.4493678160919543,0
0.15000000000000002,0.23,"Unstable",0.48956790123456784,0.48956790123456784,0
0.15000000000000002,0.25,"Unstable",0.525,0.525,0
0.15000000000000002,0.27,"Unstable",0.5544202898550725,0.5544202898550725,0
0.15000000000000002,0.29000000000000004,"Unstable",0.576111111111111,0.576111111111111,0
0.15000000000000002,0.31,"Unstable",0.5876315789473684,0.5876315789473684,0
0.15000000000000002,0.33,"Unstable",0.5853921568627453,0.5853921568627453,0
0.15000000000000002,0.35000000000000003,"Unstable",0.5638888888888889,0.5638888888888889,0
0.15000000000000002,0.37,"Unstable",0.5142307692307693,0.5142307692307693,0
0.15000000000000002,0.39,"Unstable",0.4210606060606058,0.4210606060606058,0
0.15000000000000002,0.41000000000000003,"Unstable",0.25537037037037047,0.25537037037037047,0
0.15000000000000002,0.43,"True",-0.04499999999999915,-0.04499999999999915,0.38983971065041595
0.15000000000000002,0.45,"False",-1.226248663576519,-0.05708466975681412,0
0.15000000000000002,0.47000000000000003,"NoPosSolution","NA","NA","NA"
0.15000000000000002,0.49,"NoPosSolution","NA","NA","NA"
0.15000000000000002,0.51,"NoPosSolution","NA","NA","NA"
0.15000000000000002,0.53,"NoPosSolution","NA","NA","NA"
0.15000000000000002,0.55,"NoPosSolution","NA","NA","NA"
0.15000000000000002,0.5700000000000001,"NoPosSolution","NA","NA","NA"
0.15000000000000002,0.59,"NoPosSolution","NA","NA","NA"
0.15000000000000002,0.61,"NoPosSolution","NA","NA","NA"
0.15000000000000002,0.63,"NoPosSolution","NA","NA","NA"
0.15000000000000002,0.65,"NoPosSolution","NA","NA","NA"
